
{
  "header": {
    "reportVersion": 2,
    "event": "Allocation failed - JavaScript heap out of memory",
    "trigger": "FatalError",
    "filename": "report.20210512.235926.22.0.001.json",
    "dumpEventTime": "2021-05-12T23:59:26Z",
    "dumpEventTimeStamp": "1620863966732",
    "processId": 22,
    "threadId": null,
    "cwd": "/home/container",
    "commandLine": [
      "node",
      "index.js"
    ],
    "nodejsVersion": "v12.16.2",
    "glibcVersionRuntime": "2.27",
    "glibcVersionCompiler": "2.17",
    "wordSize": 64,
    "arch": "x64",
    "platform": "linux",
    "componentVersions": {
      "node": "12.16.2",
      "v8": "7.8.279.23-node.34",
      "uv": "1.34.2",
      "zlib": "1.2.11",
      "brotli": "1.0.7",
      "ares": "1.15.0",
      "modules": "72",
      "nghttp2": "1.40.0",
      "napi": "5",
      "llhttp": "2.0.4",
      "http_parser": "2.9.3",
      "openssl": "1.1.1e",
      "cldr": "36.0",
      "icu": "65.1",
      "tz": "2019c",
      "unicode": "12.1"
    },
    "release": {
      "name": "node",
      "lts": "Erbium",
      "headersUrl": "https://nodejs.org/download/release/v12.16.2/node-v12.16.2-headers.tar.gz",
      "sourceUrl": "https://nodejs.org/download/release/v12.16.2/node-v12.16.2.tar.gz"
    },
    "osName": "Linux",
    "osRelease": "5.4.0-72-generic",
    "osVersion": "#80-Ubuntu SMP Mon Apr 12 17:35:00 UTC 2021",
    "osMachine": "x86_64",
    "cpus": [
      {
        "model": "Intel(R) Core(TM) i7-6700 CPU @ 3.40GHz",
        "speed": 3700,
        "user": 248601100,
        "nice": 121400,
        "sys": 14918600,
        "idle": 5096568600,
        "irq": 0
      },
      {
        "model": "Intel(R) Core(TM) i7-6700 CPU @ 3.40GHz",
        "speed": 3700,
        "user": 682521300,
        "nice": 11000,
        "sys": 122700300,
        "idle": 4368889300,
        "irq": 0
      },
      {
        "model": "Intel(R) Core(TM) i7-6700 CPU @ 3.40GHz",
        "speed": 3700,
        "user": 1149957600,
        "nice": 107300,
        "sys": 10677400,
        "idle": 4209811500,
        "irq": 0
      },
      {
        "model": "Intel(R) Core(TM) i7-6700 CPU @ 3.40GHz",
        "speed": 3700,
        "user": 1332660000,
        "nice": 81000,
        "sys": 10522300,
        "idle": 4033750800,
        "irq": 0
      },
      {
        "model": "Intel(R) Core(TM) i7-6700 CPU @ 3.40GHz",
        "speed": 3700,
        "user": 1118858900,
        "nice": 88800,
        "sys": 11383200,
        "idle": 4249002100,
        "irq": 0
      },
      {
        "model": "Intel(R) Core(TM) i7-6700 CPU @ 3.40GHz",
        "speed": 3700,
        "user": 39659200,
        "nice": 160400,
        "sys": 12988000,
        "idle": 5313455700,
        "irq": 0
      },
      {
        "model": "Intel(R) Core(TM) i7-6700 CPU @ 3.40GHz",
        "speed": 3700,
        "user": 1020065400,
        "nice": 59000,
        "sys": 10972600,
        "idle": 4348749000,
        "irq": 0
      },
      {
        "model": "Intel(R) Core(TM) i7-6700 CPU @ 3.40GHz",
        "speed": 3700,
        "user": 710612000,
        "nice": 90200,
        "sys": 12130000,
        "idle": 4652727700,
        "irq": 0
      }
    ],
    "networkInterfaces": [
      {
        "name": "lo",
        "internal": true,
        "mac": "00:00:00:00:00:00",
        "address": "127.0.0.1",
        "netmask": "255.0.0.0",
        "family": "IPv4"
      },
      {
        "name": "eth0",
        "internal": false,
        "mac": "02:42:ac:12:00:02",
        "address": "172.18.0.2",
        "netmask": "255.255.0.0",
        "family": "IPv4"
      },
      {
        "name": "lo",
        "internal": true,
        "mac": "00:00:00:00:00:00",
        "address": "::1",
        "netmask": "ffff:ffff:ffff:ffff:ffff:ffff:ffff:ffff",
        "family": "IPv6",
        "scopeid": 0
      },
      {
        "name": "eth0",
        "internal": false,
        "mac": "02:42:ac:12:00:02",
        "address": "fdba:17c8:6c94::1",
        "netmask": "ffff:ffff:ffff:ffff::",
        "family": "IPv6",
        "scopeid": 0
      },
      {
        "name": "eth0",
        "internal": false,
        "mac": "02:42:ac:12:00:02",
        "address": "fe80::42:acff:fe12:2",
        "netmask": "ffff:ffff:ffff:ffff::",
        "family": "IPv6",
        "scopeid": 737
      }
    ],
    "host": "f28b5c6d-8258-4753-8c93-55d08a856a50"
  },
  "javascriptStack": {
    "message": "No stack.",
    "stack": [
      "Unavailable."
    ]
  },
  "nativeStack": [
    {
      "pc": "0x0000000000b40285",
      "symbol": "report::TriggerNodeReport(v8::Isolate*, node::Environment*, char const*, char const*, std::string const&, v8::Local<v8::String>) [node]"
    },
    {
      "pc": "0x0000000000a033ef",
      "symbol": "node::OnFatalError(char const*, char const*) [node]"
    },
    {
      "pc": "0x0000000000b76ffe",
      "symbol": "v8::Utils::ReportOOMFailure(v8::internal::Isolate*, char const*, bool) [node]"
    },
    {
      "pc": "0x0000000000b77379",
      "symbol": "v8::internal::V8::FatalProcessOutOfMemory(v8::internal::Isolate*, char const*, bool) [node]"
    },
    {
      "pc": "0x0000000000d23ad5",
      "symbol": " [node]"
    },
    {
      "pc": "0x0000000000d24166",
      "symbol": "v8::internal::Heap::RecomputeLimits(v8::internal::GarbageCollector) [node]"
    },
    {
      "pc": "0x0000000000d309e5",
      "symbol": "v8::internal::Heap::PerformGarbageCollection(v8::internal::GarbageCollector, v8::GCCallbackFlags) [node]"
    },
    {
      "pc": "0x0000000000d31895",
      "symbol": "v8::internal::Heap::CollectGarbage(v8::internal::AllocationSpace, v8::internal::GarbageCollectionReason, v8::GCCallbackFlags) [node]"
    },
    {
      "pc": "0x0000000000d3434c",
      "symbol": "v8::internal::Heap::AllocateRawWithRetryOrFail(int, v8::internal::AllocationType, v8::internal::AllocationOrigin, v8::internal::AllocationAlignment) [node]"
    },
    {
      "pc": "0x0000000000cfaf1b",
      "symbol": "v8::internal::Factory::NewFillerObject(int, bool, v8::internal::AllocationType, v8::internal::AllocationOrigin) [node]"
    },
    {
      "pc": "0x000000000103d85e",
      "symbol": "v8::internal::Runtime_AllocateInYoungGeneration(int, unsigned long*, v8::internal::Isolate*) [node]"
    },
    {
      "pc": "0x00000000013c03d9",
      "symbol": " [node]"
    }
  ],
  "javascriptHeap": {
    "totalMemory": 591036416,
    "totalCommittedMemory": 589772384,
    "usedMemory": 584557440,
    "availableMemory": 24398072,
    "memoryLimit": 613416960,
    "heapSpaces": {
      "read_only_space": {
        "memorySize": 262144,
        "committedMemory": 33088,
        "capacity": 32808,
        "used": 32808,
        "available": 0
      },
      "new_space": {
        "memorySize": 2097152,
        "committedMemory": 1179520,
        "capacity": 1047456,
        "used": 129976,
        "available": 917480
      },
      "old_space": {
        "memorySize": 576856064,
        "committedMemory": 576781112,
        "capacity": 575075696,
        "used": 575023104,
        "available": 52592
      },
      "code_space": {
        "memorySize": 430080,
        "committedMemory": 388032,
        "capacity": 365184,
        "used": 365184,
        "available": 0
      },
      "map_space": {
        "memorySize": 3149824,
        "committedMemory": 3149480,
        "capacity": 860400,
        "used": 860400,
        "available": 0
      },
      "large_object_space": {
        "memorySize": 8192000,
        "committedMemory": 8192000,
        "capacity": 8143184,
        "used": 8143184,
        "available": 0
      },
      "code_large_object_space": {
        "memorySize": 49152,
        "committedMemory": 49152,
        "capacity": 2784,
        "used": 2784,
        "available": 0
      },
      "new_large_object_space": {
        "memorySize": 0,
        "committedMemory": 0,
        "capacity": 1047456,
        "used": 0,
        "available": 1047456
      }
    }
  },
  "resourceUsage": {
    "userCpuSeconds": 41.3346,
    "kernelCpuSeconds": 3.54229,
    "cpuConsumptionPercent": 10.2929,
    "maxRss": 665661440,
    "pageFaults": {
      "IORequired": 7,
      "IONotRequired": 215261
    },
    "fsActivity": {
      "reads": 1472,
      "writes": 0
    }
  },
  "uvthreadResourceUsage": {
    "userCpuSeconds": 14.8354,
    "kernelCpuSeconds": 2.63925,
    "cpuConsumptionPercent": 4.00795,
    "fsActivity": {
      "reads": 1472,
      "writes": 24
    }
  },
  "libuv": [
  ],
  "workers": [
  ],
  "environmentVariables": {
    "LC_ALL": "en_US.UTF-8",
    "SERVER_IP": "136.243.129.235",
    "P_SERVER_LOCATION": "local",
    "LANG": "en_US.UTF-8",
    "SERVER_MEMORY": "1024",
    "TZ": "Europe/Berlin",
    "HOSTNAME": "f28b5c6d-8258-4753-8c93-55d08a856a50",
    "SERVER_PORT": "25575",
    "USER": "container",
    "PWD": "/home/container",
    "HOME": "/home/container",
    "P_SERVER_ALLOCATION_LIMIT": "0.000000",
    "P_SERVER_UUID": "f28b5c6d-8258-4753-8c93-55d08a856a50",
    "TERM": "xterm",
    "SHLVL": "1",
    "PATH": "/usr/local/sbin:/usr/local/bin:/usr/sbin:/usr/bin:/sbin:/bin",
    "STARTUP_FILE": "index.js",
    "STARTUP": "node ${STARTUP_FILE}",
    "_": "/usr/bin/node",
    "OLDPWD": "/home/container"
  },
  "userLimits": {
    "core_file_size_blocks": {
      "soft": "unlimited",
      "hard": "unlimited"
    },
    "data_seg_size_kbytes": {
      "soft": "unlimited",
      "hard": "unlimited"
    },
    "file_size_blocks": {
      "soft": "unlimited",
      "hard": "unlimited"
    },
    "max_locked_memory_bytes": {
      "soft": 65536,
      "hard": 65536
    },
    "max_memory_size_kbytes": {
      "soft": "unlimited",
      "hard": "unlimited"
    },
    "open_files": {
      "soft": 1048576,
      "hard": 1048576
    },
    "stack_size_bytes": {
      "soft": 8388608,
      "hard": "unlimited"
    },
    "cpu_time_seconds": {
      "soft": "unlimited",
      "hard": "unlimited"
    },
    "max_user_processes": {
      "soft": "unlimited",
      "hard": "unlimited"
    },
    "virtual_memory_kbytes": {
      "soft": "unlimited",
      "hard": "unlimited"
    }
  },
  "sharedObjects": [
    "linux-vdso.so.1",
    "/lib/x86_64-linux-gnu/libdl.so.2",
    "/usr/lib/x86_64-linux-gnu/libstdc++.so.6",
    "/lib/x86_64-linux-gnu/libm.so.6",
    "/lib/x86_64-linux-gnu/libgcc_s.so.1",
    "/lib/x86_64-linux-gnu/libpthread.so.0",
    "/lib/x86_64-linux-gnu/libc.so.6",
    "/lib64/ld-linux-x86-64.so.2",
    "/home/container/node_modules/canvas/build/Release/canvas.node",
    "/home/container/node_modules/canvas/build/Release/libpixman-1.so.0",
    "/home/container/node_modules/canvas/build/Release/libcairo.so.2",
    "/home/container/node_modules/canvas/build/Release/libpng16.so.16",
    "/home/container/node_modules/canvas/build/Release/libz.so.1",
    "/home/container/node_modules/canvas/build/Release/libpangocairo-1.0.so.0",
    "/home/container/node_modules/canvas/build/Release/libpango-1.0.so.0",
    "/home/container/node_modules/canvas/build/Release/libgobject-2.0.so.0",
    "/home/container/node_modules/canvas/build/Release/libglib-2.0.so.0",
    "/home/container/node_modules/canvas/build/Release/libfreetype.so.6",
    "/home/container/node_modules/canvas/build/Release/librsvg-2.so.2",
    "/home/container/node_modules/canvas/build/Release/libgio-2.0.so.0",
    "/home/container/node_modules/canvas/build/Release/libgdk_pixbuf-2.0.so.0",
    "/home/container/node_modules/canvas/build/Release/libjpeg.so.62",
    "/home/container/node_modules/canvas/build/Release/libgif.so.7",
    "/home/container/node_modules/canvas/build/Release/libfontconfig.so.1",
    "/lib/x86_64-linux-gnu/librt.so.1",
    "/home/container/node_modules/canvas/build/Release/libpangoft2-1.0.so.0",
    "/home/container/node_modules/canvas/build/Release/libfribidi.so.0",
    "/home/container/node_modules/canvas/build/Release/libffi.so.6",
    "/home/container/node_modules/canvas/build/Release/libgthread-2.0.so.0",
    "/home/container/node_modules/canvas/build/Release/libharfbuzz.so.0",
    "/home/container/node_modules/canvas/build/Release/libpcre.so.1",
    "/home/container/node_modules/canvas/build/Release/libexpat.so.1",
    "/lib/x86_64-linux-gnu/libuuid.so.1",
    "/home/container/node_modules/canvas/build/Release/libgmodule-2.0.so.0",
    "/lib/x86_64-linux-gnu/libresolv.so.2",
    "/lib/x86_64-linux-gnu/libmount.so.1",
    "/home/container/node_modules/canvas/build/Release/libcroco-0.6.so.3",
    "/home/container/node_modules/canvas/build/Release/libxml2.so.2",
    "/lib/x86_64-linux-gnu/libblkid.so.1",
    "/lib/x86_64-linux-gnu/libselinux.so.1",
    "/lib/x86_64-linux-gnu/libpcre.so.3",
    "/lib/x86_64-linux-gnu/libnss_files.so.2",
    "/lib/x86_64-linux-gnu/libnss_dns.so.2"
  ]
}